seed,table_row,ie,delta,logNe,logT,logNp,As_pct,Az_deg,R_Rsun,FS_Rsun,H_Rsun,incl_deg,Bbase_G,shift_x,shift_y,Q_total,Qimg_6p77,Qimg_9p69,Qspec
11001,62,2.03310013,3.13600016,6.48250008,8,0.936000049,-15.3600006,-37.7999954,0.018744003,0.0999050066,0.0718800053,-59.6399994,2138.3999,-7,-5,4.48569298,1.29812706,1.83382618,0.225623265
11001,105,2.03310013,3.13600016,6.48250008,8,0.936000049,-15.3600006,-37.7999954,0.018744003,0.0999050066,0.0718800053,-59.6399994,2138.3999,-7,-5,4.48569298,1.29812706,1.83382618,0.225623265
11001,132,0.496699989,3.90799999,6.60500002,8,1.07200003,74.7200165,69.6600037,0.0157480016,0.0947750062,0.0949650034,25.0800095,3079.2002,5,-6,3.85408115,1.0880574,2.37548327,0.0650900826
11001,169,0.496699989,3.90799999,6.60500002,8,1.07200003,74.7200165,69.6600037,0.0157480016,0.0947750062,0.0949650034,25.0800095,3079.2002,5,-6,3.85408115,1.0880574,2.37548327,0.0650900826
11001,178,1.32470012,3.80800009,6.49499989,8,3.37200022,-70.5599976,-57.9599991,0.0162240006,0.0918300077,0.0878400058,-20.9999962,4426.7002,-5,-6,3.68282557,1.19007063,2.31748605,0.0292114746
11001,189,0.496699989,3.90799999,6.60500002,8,1.07200003,74.7200165,69.6600037,0.0157480016,0.0947750062,0.0949650034,24.1200027,4524.7002,5,-6,5.22654247,1.05089045,2.53310251,0.273758203
11001,233,1.32470012,3.80800009,6.49499989,8,3.37200022,-70.5599976,-57.9599991,0.0162240006,0.0918300077,0.0878400058,-20.9999962,4426.7002,-5,-6,3.68282557,1.19007063,2.31748605,0.0292114746
11001,253,1.62830019,3.90799999,6.60500002,8,0.972000062,-70.5599976,-57.9599991,0.0162240006,0.0918300077,0.0878400058,-20.9999962,4426.7002,-5,-6,3.84882069,1.18224657,2.31419969,0.0587290861
11001,284,1.62830019,3.90799999,6.60500002,8,1.07200003,74.7200165,69.6600037,0.0157480016,0.0947750062,0.0949650034,25.0800095,3079.2002,5,-6,3.96334457,1.0909462,2.39886713,0.0789218619
11001,290,0.496699989,3.90799999,6.60500002,8,1.07200003,74.7200165,69.6600037,0.0157480016,0.0947750062,0.0949650034,25.0800095,3079.2002,5,-6,3.85408115,1.0880574,2.37548327,0.0650900826
11001,298,1.32470012,3.80800009,6.49499989,8,3.37200022,-70.5599976,-57.9599991,0.0162240006,0.0918300077,0.0878400058,-20.9999962,4426.7002,-5,-6,3.68282557,1.19007063,2.31748605,0.0292114746
11001,323,1.62830019,3.90799999,6.60500002,8,1.07200003,74.7200165,69.6600037,0.0157480016,0.0947750062,0.0949650034,25.0800095,3079.2002,5,-6,3.96334457,1.0909462,2.39886713,0.0789218619
11001,350,0.496699989,3.90799999,6.60500002,8,1.07200003,74.7200165,69.6600037,0.0157480016,0.0947750062,0.0949650034,25.0800095,2765.6001,5,-6,4.31907892,1.15817606,2.42608547,0.122469574
11001,355,1.32470012,3.80800009,6.49499989,8,3.37200022,-70.5599976,-57.9599991,0.0162240006,0.0947750062,0.0943950042,-36.5999985,4745.2002,5,-6,4.19777679,1.06959152,2.59236598,0.0893032178
11001,359,0.570300043,3.22399998,7.36750031,8,1.12,-52.3199997,88.0200043,0.00522000017,0.0825200081,0.0867950097,42.1200027,4916.7002,0,0,5.0960083,1.7539233,2.08791327,0.209028557
11001,362,1.32470012,3.80800009,6.49499989,8,3.37200022,-70.5599976,-57.9599991,0.0162240006,0.0918300077,0.0878400058,-20.9999962,4426.7002,-5,-6,3.68282557,1.19007063,2.31748605,0.0292114746
11001,373,0.496699989,3.90799999,6.53000021,8,2.67200017,74.7200165,69.6600037,0.0157480016,0.0947750062,0.0949650034,25.0800095,3079.2002,5,-6,3.80995417,1.09907925,2.37279391,0.0563468337
11001,380,1.62830019,3.90799999,6.60500002,8,1.07200003,74.7200165,69.6600037,0.0157480016,0.0947750062,0.0949650034,25.0800095,3079.2002,5,-6,3.96334457,1.0909462,2.39886713,0.0789218619
11001,381,1.32470012,3.80800009,6.49499989,8,3.37200022,-70.5599976,-57.9599991,0.0162240006,0.0918300077,0.0878400058,-20.9999962,4426.7002,-5,-6,3.68282557,1.19007063,2.31748605,0.0292114746
11001,386,0.496699989,3.90799999,6.53000021,8,2.67200017,74.7200165,69.6600037,0.0157480016,0.0947750062,0.0962950066,42.1200027,4916.7002,0,0,4.9631319,1.66440856,2.2631309,0.172598749
11001,393,1.27410007,3.48000002,5.57250023,8,3.56800008,48.6399994,-52.1999969,0.018744003,0.0947750062,0.0943950042,-36.5999985,4745.2002,0,0,4.75097752,1.97765362,2.51050973,0.0438023582
11001,398,1.32470012,3.80800009,6.49499989,8,3.37200022,-70.5599976,-57.9599991,0.0162240006,0.0947750062,0.0943950042,-45,2594.1001,0,0,4.12506104,1.69348395,2.27492738,0.0261083096
11001,411,1.32470012,3.80800009,6.49499989,8,3.37200022,-70.5599976,-57.9599991,0.0162240006,0.0947750062,0.0943950042,-36.5999985,4745.2002,5,-6,4.19777679,1.06959152,2.59236598,0.0893032178
11001,412,1.32470012,3.80800009,6.49499989,8,3.37200022,-70.5599976,-57.9599991,0.0162240006,0.0918300077,0.0878400058,-20.9999962,4426.7002,-5,-6,3.68282557,1.19007063,2.31748605,0.0292114746
11001,425,1.32470012,3.80800009,6.49499989,8,3.37200022,-70.5599976,-57.9599991,0.0162240006,0.0918300077,0.0878400058,-20.9999962,4426.7002,-5,-6,3.68282557,1.19007063,2.31748605,0.0292114746
11001,435,0.496699989,3.90799999,6.53000021,8,2.67200017,74.7200165,69.6600037,0.0157480016,0.0947750062,0.0962950066,42.1200027,4916.7002,0,0,4.9631319,1.66440856,2.2631309,0.172598749
11001,436,1.32470012,3.80800009,6.49499989,8,3.37200022,-70.5599976,-57.9599991,0.0162240006,0.0918300077,0.0878400058,-20.9999962,4426.7002,-5,-6,3.68282557,1.19007063,2.31748605,0.0292114746
11001,441,1.32470012,3.80800009,6.49499989,8,3.37200022,-70.5599976,-57.9599991,0.0162240006,0.0918300077,0.0878400058,-20.9999962,4456.1001,-5,-6,3.64818478,1.17926657,2.32014942,0.0247948188
11001,450,1.07169998,4,6.53000021,8,2.67200017,74.7200165,69.6600037,0.0157480016,0.0947750062,0.0943950042,15.3600006,3779.90015,5,-6,4.39559746,1.17734194,2.43182468,0.131071836
11001,452,1.62830019,3.90799999,6.60500002,8,1.07200003,74.7200165,69.6600037,0.0159440003,0.0918300077,0.0878400058,-20.9999962,4426.7002,5,-6,5.1151886,1.44924235,2.86813188,0.132969081
11001,455,1.62830019,3.90799999,6.60500002,8,1.07200003,74.7200165,69.6600037,0.0157480016,0.0947750062,0.0949650034,24.1200027,4745.2002,5,-6,5.10974693,1.03772247,2.57668233,0.249223754
11001,456,0.496699989,3.90799999,6.60500002,8,1.07200003,74.7200165,69.6600037,0.0157480016,0.0947750062,0.0949650034,25.0800095,3079.2002,5,-6,3.85408115,1.0880574,2.37548327,0.0650900826
11001,485,1.27410007,3.48000002,5.57250023,8,3.56800008,48.6399994,-52.1999969,0.018744003,0.0947750062,0.0943950042,-47.8799973,4745.2002,5,-6,5.03335857,1.06299603,2.91863036,0.175288692
11001,486,1.32470012,3.80800009,6.49499989,8,3.37200022,-70.5599976,-57.9599991,0.0162240006,0.0918300077,0.0878400058,-20.9999962,4426.7002,-5,-6,3.68282557,1.19007063,2.31748605,0.0292114746
11001,487,1.32470012,3.80800009,6.49499989,8,3.37200022,-70.5599976,-57.9599991,0.0162240006,0.0947750062,0.0943950042,-45,2594.1001,0,0,4.12506104,1.69348395,2.27492738,0.0261083096
11001,489,1.32470012,3.80800009,6.49499989,8,3.37200022,-70.5599976,-57.9599991,0.0162240006,0.0918300077,0.0878400058,-20.9999962,4456.1001,-5,-6,3.64818478,1.17926657,2.32014942,0.0247948188
11001,491,1.62830019,3.90799999,6.60500002,8,1.07200003,74.7200165,69.6600037,0.0157480016,0.0947750062,0.0949650034,35.4000015,4745.2002,5,-5,4.37557602,1.24527061,2.49272966,0.106262639
11001,494,0.496699989,3.90799999,6.53000021,8,2.67200017,74.7200165,69.6600037,0.0157480016,0.0947750062,0.0949650034,25.0800095,3079.2002,5,-6,3.80995417,1.09907925,2.37279391,0.0563468337
11001,499,1.32470012,3.80800009,6.49499989,8,3.37200022,-70.5599976,-57.9599991,0.0162240006,0.0918300077,0.0878400058,-20.9999962,4426.7002,-5,-6,3.68282557,1.19007063,2.31748605,0.0292114746
11001,503,1.62830019,3.90799999,6.60500002,8,1.07200003,74.7200165,69.6600037,0.0157480016,0.0947750062,0.0949650034,42.1200027,4941.2002,0,0,4.45379734,1.67408943,2.37819934,0.0669180453
11001,520,1.32470012,3.80800009,6.49499989,8,3.37200022,-70.5599976,-57.9599991,0.0162240006,0.0918300077,0.0878400058,-20.9999962,4745.2002,-5,-6,3.44697618,1.02862787,2.36955357,0.00813245121
11001,529,1.32470012,3.80800009,6.49499989,8,3.37200022,-70.5599976,-57.9599991,0.0162240006,0.0947750062,0.0943950042,-45,2594.1001,0,0,4.12506104,1.69348395,2.27492738,0.0261083096
11001,530,1.32470012,3.80800009,6.49499989,8,3.37200022,-70.5599976,-57.9599991,0.0162240006,0.0918300077,0.0878400058,-20.9999962,4426.7002,-5,-6,3.68282557,1.19007063,2.31748605,0.0292114746
11001,538,0.496699989,3.90799999,6.60500002,8,0.972000062,-70.5599976,-57.9599991,0.0160280019,0.0947750062,0.0878400058,-20.9999962,4426.7002,0,0,4.86811638,2.07670331,2.52275348,0.0447766595
11001,544,1.26030004,3.90799999,6.60500002,8,1.07200003,74.7200165,69.6600037,0.0157480016,0.0947750062,0.0949650034,24.1200027,4745.2002,5,-6,5.32152081,1.0413239,2.55489516,0.28755033
11001,553,1.32470012,3.80800009,6.49499989,8,3.37200022,-70.5599976,-57.9599991,0.0162240006,0.0918300077,0.0878400058,-20.9999962,4745.2002,-5,-6,3.44697618,1.02862787,2.36955357,0.00813245121
11001,572,1.62830019,3.90799999,6.57250023,8,3.56800008,58.7200012,69.6600037,0.0157480016,0.0947750062,0.0962950066,42.1200027,4916.7002,0,0,4.27525806,1.68028808,2.34349179,0.0419130772
11001,573,0.496699989,3.90799999,6.53000021,8,2.66400003,74.7200165,69.6600037,0.0157480016,0.0947750062,0.0949650034,24.1200027,4745.2002,5,-6,5.09506989,1.06905544,2.47879767,0.257869512
11001,578,1.26030004,3.90799999,6.60500002,8,1.07200003,74.7200165,69.6600037,0.0157480016,0.0947750062,0.0949650034,24.1200027,2594.1001,5,-6,4.89192295,1.25861895,2.37257934,0.210120842
11001,579,1.32470012,3.80800009,6.49499989,8,3.37200022,-70.5599976,-57.9599991,0.0162240006,0.0918300077,0.0878400058,-20.9999962,4426.7002,-5,-6,3.68282557,1.19007063,2.31748605,0.0292114746
11001,580,1.32470012,3.80800009,6.49499989,8,3.37200022,-70.5599976,-57.9599991,0.0162240006,0.0918300077,0.0878400058,-20.9999962,4426.7002,-5,-6,3.68282557,1.19007063,2.31748605,0.0292114746
11001,581,1.62830019,3.90799999,6.60500002,8,1.07200003,74.7200165,69.6600037,0.0157480016,0.0947750062,0.0949650034,27,4426.7002,5,-6,5.35964584,1.34155083,3.16479826,0.142216116
11001,582,0.496699989,3.90799999,6.60500002,8,1.07200003,74.7200165,69.6600037,0.0157480016,0.0947750062,0.0949650034,35.4000015,4745.2002,5,-5,4.40872765,1.25078321,2.47867393,0.113211744
11001,583,1.26030004,3.90799999,6.60500002,8,1.07200003,74.7200165,69.6600037,0.0157480016,0.0947750062,0.0949650034,24.1200027,4745.2002,5,-6,5.32152081,1.0413239,2.55489516,0.28755033
11001,584,0.496699989,3.90799999,6.53000021,8,2.67200017,74.7200165,69.6600037,0.0157480016,0.0947750062,0.0949650034,25.0800095,3079.2002,5,-6,3.80995417,1.09907925,2.37279391,0.0563468337
11001,586,0.496699989,3.90799999,6.60500002,8,0.972000062,-70.5599976,-57.9599991,0.0160280019,0.0947750062,0.0878400058,-20.6399994,4426.7002,0,0,4.89140797,2.06843901,2.5403688,0.0471000336
11001,597,1.62830019,3.90799999,6.60500002,8,1.07200003,74.7200165,69.6600037,0.0157480016,0.0947750062,0.0949650034,25.0800095,3079.2002,5,-6,3.96334457,1.0909462,2.39886713,0.0789218619
11001,602,1.32470012,3.80800009,6.47000027,8,3.37200022,-70.5599976,-57.9599991,0.0162240006,0.0918300077,0.0878400058,-20.9999962,4426.7002,-5,-6,3.71547174,1.18777394,2.31892157,0.0347960554
11001,611,1.62830019,3.90799999,6.60500002,8,1.07200003,74.7200165,69.6600037,0.0157480016,0.0947750062,0.0949650034,35.4000015,4745.2002,5,-5,4.37557602,1.24527061,2.49272966,0.106262639
11001,615,1.26030004,3.90799999,6.60500002,8,1.07200003,74.7200165,69.6600037,0.0157480016,0.0947750062,0.0867950097,42.1200027,4916.7002,0,0,4.49184942,1.88590205,2.23943615,0.0610852204
11001,618,1.32470012,3.80800009,6.49499989,8,3.37200022,-70.5599976,-57.9599991,0.0162240006,0.0918300077,0.0878400058,-20.9999962,4745.2002,-5,-6,3.44697618,1.02862787,2.36955357,0.00813245121
11001,620,1.26030004,3.90799999,6.60500002,8,1.07200003,74.7200165,69.6600037,0.0157480016,0.0947750062,0.0949650034,24.1200027,4745.2002,5,-6,5.32152081,1.0413239,2.55489516,0.28755033
11001,622,1.26030004,3.90799999,6.60500002,8,1.07200003,74.7200165,69.6600037,0.0157480016,0.0947750062,0.0962950066,42.1200027,4916.7002,0,0,4.61724186,1.66309893,2.26603055,0.114685349
11001,623,1.62830019,3.90799999,6.57250023,8,3.56800008,58.7200012,69.6600037,0.0157480016,0.0947750062,0.0867950097,42.1200027,4916.7002,0,0,4.4464283,1.92741823,2.16476536,0.0590408258
11001,626,1.32470012,3.80800009,6.49499989,8,3.37200022,-70.5599976,-57.9599991,0.0162240006,0.0947750062,0.0943950042,-20.9999962,4426.7002,-6,-6,4.43464184,1.27957034,2.40570402,0.124894626
11001,631,1.32470012,3.80800009,6.4749999,8,3.40800023,58.7200012,69.6600037,0.0157480016,0.0947750062,0.0962950066,42.1200027,4916.7002,0,0,4.23885059,1.67990136,2.33329821,0.0376085043
11001,633,0.496699989,3.90799999,6.53000021,8,2.67200017,73.4400024,-57.9599991,0.0162240006,0.0918300077,0.0878400058,-20.9999962,4745.2002,0,0,4.76973534,2.05703235,2.47726297,0.0392400138
11001,634,1.32470012,3.80800009,6.49499989,8,3.37200022,-70.5599976,-57.9599991,0.0162240006,0.0918300077,0.0878400058,-20.9999962,4426.7002,-5,-6,3.68282557,1.19007063,2.31748605,0.0292114746
11001,636,1.26030004,3.90799999,6.60500002,8,1.07200003,74.7200165,69.6600037,0.0157480016,0.0947750062,0.0949650034,25.0800095,3079.2002,5,-6,3.87512159,1.08993161,2.39027262,0.0658195615
11001,637,1.62830019,3.90799999,6.60500002,8,1.07200003,74.7200165,69.6600037,0.0157480016,0.0947750062,0.0949650034,24.1200027,4745.2002,5,-6,5.10974693,1.03772247,2.57668233,0.249223754
11001,640,1.07169998,4.04800034,6.24749994,8,0.252000004,-14.5599976,-57.9599991,0.0162240006,0.0918300077,0.0878400058,-20.9999962,4745.2002,5,-6,4.37198544,1.02159214,2.36101246,0.164896756
11001,642,1.32470012,3.80800009,6.49499989,8,3.37200022,-70.5599976,-57.9599991,0.0162240006,0.0918300077,0.0878400058,-20.9999962,4426.7002,-5,-6,3.68282557,1.19007063,2.31748605,0.0292114746
11001,649,1.32470012,3.80800009,6.49499989,8,3.37200022,-70.5599976,-57.9599991,0.0162240006,0.0918300077,0.0878400058,-20.9999962,4426.7002,-5,-6,3.68282557,1.19007063,2.31748605,0.0292114746
11001,657,1.26030004,3.90799999,6.60500002,8,1.07200003,74.7200165,69.6600037,0.0157480016,0.0918300077,0.0878400058,-20.9999962,4426.7002,5,-6,5.305439,1.4444716,2.87624454,0.16412051
11001,658,1.62830019,3.90799999,6.57250023,8,3.37200022,-70.5599976,-57.9599991,0.0162240006,0.0947750062,0.0943950042,-45,4745.2002,5,-6,4.93661118,1.32921493,2.4012177,0.201029763
11001,662,1.32470012,3.80800009,6.49499989,8,3.37200022,-70.5599976,-57.9599991,0.0162240006,0.0918300077,0.0878400058,-20.9999962,4745.2002,-5,-6,3.44697618,1.02862787,2.36955357,0.00813245121
11001,666,1.62830019,3.90799999,6.60500002,8,1.07200003,74.7200165,69.6600037,0.0157480016,0.0947750062,0.0949650034,25.0800095,3079.2002,5,-6,3.96334457,1.0909462,2.39886713,0.0789218619
11001,667,1.62830019,3.90799999,6.60500002,8,1.07200003,74.7200165,69.6600037,0.0157480016,0.0947750062,0.0949650034,27,4426.7002,5,-6,5.35964584,1.34155083,3.16479826,0.142216116
11001,670,1.26030004,3.90799999,6.60500002,8,1.07200003,74.7200165,69.6600037,0.0157480016,0.0947750062,0.0867950097,42.1200027,4916.7002,0,0,4.49184942,1.88590205,2.23943615,0.0610852204
11001,671,0.496699989,3.90799999,6.60500002,8,1.07200003,74.7200165,69.6600037,0.0157480016,0.0947750062,0.0949650034,35.4000015,4745.2002,5,-5,4.40872765,1.25078321,2.47867393,0.113211744
11001,675,1.32470012,3.80800009,6.49499989,8,3.37200022,-70.5599976,-57.9599991,0.0162240006,0.0947750062,0.0943950042,-45,2594.1001,0,0,4.12506104,1.69348395,2.27492738,0.0261083096
11001,677,1.32470012,3.80800009,6.47000027,8,3.37200022,-70.5599976,-57.9599991,0.0162240006,0.0918300077,0.0878400058,-20.9999962,4745.2002,-5,-6,3.43095779,1.031443,2.36967659,0.00497300876
11001,678,1.32470012,3.80800009,6.49499989,8,3.38400006,74.7200165,69.6600037,0.0157480016,0.0947750062,0.0949650034,35.4000015,4745.2002,5,-5,4.58801842,1.24348736,2.49619865,0.141388685
11001,682,1.32470012,3.80800009,6.47000027,8,3.37200022,-70.5599976,-57.9599991,0.0162240006,0.0918300077,0.0878400058,-20.9999962,4745.2002,-5,-6,3.43095779,1.031443,2.36967659,0.00497300876
22003,165,0.29430002,4.09600019,7.50750017,8,2.75200009,-56.4799995,63,0.019332001,0.0457549989,0.0994300023,13.8000031,4848.1001,0,0,4.75020409,1.7913326,2.20905948,0.12496873
22003,187,0.29430002,4.09600019,7.50750017,8,2.75200009,-56.4799995,63,0.019332001,0.0457549989,0.0994300023,13.8000031,4848.1001,0,0,4.75020409,1.7913326,2.20905948,0.12496873
22003,194,0.273600012,3.48400021,5.57999992,8,0.988000035,10.7200012,-63,0.0191080011,0.0828050077,0.0707400069,-29.2799988,3838.69995,-6,-5,3.58066511,1.39094424,1.81241,0.0628851354
22003,214,0.29430002,4.09600019,7.5,8,0.688000023,62.5599976,26.6399994,0.0137320012,0.0457549989,0.0994300023,13.8000031,4848.1001,5,-5,4.4986968,1.24782157,2.40407681,0.14113307
22003,219,2.00779986,3.21600008,7.88500023,8,1.19200003,64,73.2600098,0.00701200031,0.0406250022,0.0926850066,41.7600098,2202.1001,0,0,5.30160236,1.7716459,2.11187267,0.236347318
22003,249,0.273600012,3.48400021,5.57999992,8,0.988000035,10.7200012,-63,0.0191080011,0.0828050077,0.0707400069,-29.2799988,3838.69995,-6,-5,3.58066511,1.39094424,1.81241,0.0628851354
22003,256,1.01190007,2.86400008,6.34250021,8,2.3920002,64,73.2600098,0.00701200031,0.0410050005,0.0967700034,39.3600082,2750.90015,0,0,4.12292194,1.77307796,2.14876461,0.0335132778
22003,258,0.29430002,4.09600019,7.50750017,8,2.75200009,-56.4799995,63,0.019332001,0.0457549989,0.0994300023,13.8000031,4848.1001,0,0,4.75020409,1.7913326,2.20905948,0.12496873
22003,293,1.26260006,3.3920002,7.88500023,8,1.19200003,64,73.2600098,0.00701200031,0.0406250022,0.0926850066,41.7600098,2202.1001,0,0,4.86712122,1.77285731,2.14136267,0.158816874
22003,313,0.273600012,3.48400021,5.57999992,8,0.988000035,10.7200012,-63,0.0191080011,0.0828050077,0.0707400069,-29.2799988,3838.69995,-6,-5,3.58066511,1.39094424,1.81241,0.0628851354
22003,325,0.273600012,3.48400021,5.57999992,8,0.988000035,10.7200012,-63,0.0191080011,0.0828050077,0.0707400069,-29.2799988,3804.40015,-6,-5,3.60885477,1.38013375,1.81220222,0.0694197863
22003,338,1.21430004,4.09600019,7.50750017,8,2.75200009,-56.4799995,63,0.019332001,0.0457549989,0.0994300023,13.8000031,4848.1001,0,0,4.86789227,1.88522625,2.16415262,0.136418924
22003,346,0.268999994,3.48400021,5.57999992,8,0.988000035,10.7200012,-71.4599991,0.0131160012,0.0874600038,0.0688400045,-29.2799988,3838.69995,5,-6,5.23178482,1.1654017,2.49364328,0.262123257
22003,375,0.268999994,2.86400008,6.34250021,8,2.3920002,64,73.2600098,0.00701200031,0.0410050005,0.0967700034,39.3600082,2750.90015,0,0,4.72984648,1.77454364,2.09976482,0.142589688
22003,378,0.273600012,3.48400021,5.57999992,8,0.988000035,10.7200012,-63,0.0191080011,0.0828050077,0.0707400069,-29.2799988,3838.69995,-6,-5,3.58066511,1.39094424,1.81241,0.0628851354
22003,398,0.273600012,3.48400021,5.57999992,8,0.988000035,10.7200012,-63,0.0191080011,0.0828050077,0.0707400069,-29.2799988,3838.69995,-6,-5,3.58066511,1.39094424,1.81241,0.0628851354
22003,405,1.21430004,4.09600019,7.50750017,8,2.75200009,13.4400101,-71.4599991,0.0131160012,0.0875550061,0.0707400069,-29.2799988,3838.69995,5,-6,4.68126774,1.17536771,2.69369102,0.135368168
22003,416,0.29430002,4.296,6.53499985,8,0.968000054,66.7200012,-63,0.0191080011,0.0828050077,0.0707400069,-29.2799988,3838.69995,5,-6,5.09534359,1.37216306,2.95507932,0.128016889
22003,426,1.21430004,4.09600019,7.50750017,8,2.75200009,-56.4799995,63,0.019332001,0.0457549989,0.0994300023,13.8000031,4848.1001,0,0,4.86789227,1.88522625,2.16415262,0.136418924
22003,431,0.273600012,3.48400021,5.57999992,8,0.988000035,10.7200012,-63,0.0191080011,0.0828050077,0.0707400069,-29.2799988,3838.69995,-6,-5,3.58066511,1.39094424,1.81241,0.0628851354
22003,433,0.268999994,3.48400021,5.57999992,8,0.988000035,10.7200012,-71.4599991,0.0131160012,0.0874600038,0.0688400045,-29.2799988,3838.69995,5,-6,5.23178482,1.1654017,2.49364328,0.262123257
22003,441,1.21430004,4.09600019,7.50750017,8,2.75200009,-56.4799995,63,0.019332001,0.0457549989,0.0994300023,13.8000031,4848.1001,0,0,4.86789227,1.88522625,2.16415262,0.136418924
22003,443,0.273600012,3.48400021,5.57999992,8,0.988000035,10.7200012,-63,0.0191080011,0.0828050077,0.0707400069,-29.2799988,3838.69995,-6,-5,3.58066511,1.39094424,1.81241,0.0628851354
22003,456,0.280499995,3.26399994,6.34250021,8,2.18000007,-53.2799988,-71.4599991,0.0131160012,0.0828050077,0.0707400069,-29.2799988,3838.69995,-4,-6,4.96255207,1.23297799,2.63967991,0.181649074
22003,463,0.273600012,3.48400021,5.57999992,8,0.988000035,10.7200012,-63,0.0191080011,0.0828050077,0.0707400069,-29.2799988,3838.69995,-6,-5,3.58066511,1.39094424,1.81241,0.0628851354
22003,471,0.273600012,3.48400021,5.57999992,8,0.988000035,10.7200012,-63,0.0191080011,0.0828050077,0.0707400069,-29.2799988,3887.7002,-6,-5,3.56624961,1.39062154,1.81257236,0.0605092905
22003,473,0.29430002,4.296,6.53499985,8,0.968000054,66.7200012,-63,0.0191080011,0.0828050077,0.0707400069,-29.2799988,3868.10034,5,-6,4.97668076,1.36064589,2.95125175,0.110797241
22003,474,1.21430004,4.09600019,7.50750017,8,2.75200009,-56.4799995,63,0.019332001,0.0457549989,0.0994300023,13.8000031,4818.7002,0,0,4.81056118,1.88709354,2.16430163,0.126527712
22003,475,0.268999994,3.48400021,5.57999992,8,1.04000008,13.4400101,-71.4599991,0.0131160012,0.0875550061,0.0707400069,-29.2799988,3838.69995,5,-6,5.22769451,1.16392064,2.50285554,0.260153115
22003,477,0.29430002,4.296,6.53499985,8,0.968000054,66.7200012,-63,0.0191080011,0.0828050077,0.0707400069,-29.2799988,3838.69995,5,-6,5.09534359,1.37216306,2.95507932,0.128016889
22003,480,0.273600012,4.09600019,7.50750017,8,2.75200009,-56.4799995,63,0.019332001,0.0457549989,0.0994300023,13.8000031,4848.1001,0,0,4.71756172,1.78192389,2.21927714,0.119393431
22003,488,0.802600026,4.09600019,7.50750017,8,2.75200009,-56.4799995,63,0.019332001,0.0457549989,0.0994300023,13.8000031,4848.1001,0,0,4.88583612,1.87588215,2.16659045,0.140560582
22003,502,1.21430004,4.09600019,7.50750017,8,2.75200009,13.4400101,-71.4599991,0.0131160012,0.0875550061,0.0707400069,-29.2799988,3838.69995,5,-6,4.68126774,1.17536771,2.69369102,0.135368168
22003,508,0.273600012,3.48400021,5.57999992,8,0.988000035,10.7200012,-63,0.0191080011,0.0828050077,0.0707400069,-29.2799988,3887.7002,-6,-5,3.56624961,1.39062154,1.81257236,0.0605092905
22003,512,0.268999994,3.48400021,5.57999992,8,1.04000008,13.4400101,-71.4599991,0.0131160012,0.0875550061,0.0707400069,-29.3999977,4848.1001,5,-6,4.94372606,1.45385587,2.90327311,0.0977661908
22003,513,0.273600012,4.09600019,7.50750017,8,2.75200009,-56.4799995,63,0.019332001,0.0457549989,0.0994300023,13.9200058,3838.69995,0,0,4.60907078,1.7451297,2.16576457,0.116362691
22003,517,0.273600012,4.09600019,7.50750017,8,2.75200009,-56.4799995,63,0.019332001,0.0457549989,0.0994300023,13.8000031,3804.40015,0,0,4.56885767,1.74489546,2.15800047,0.110993609
22003,522,1.21430004,3.48400021,5.57999992,8,0.988000035,10.7200012,-63,0.0215160009,0.0875550061,0.0707400069,-29.2799988,3838.69995,-6,-6,5.27780342,1.3631922,2.50250864,0.235350385
22003,529,0.340300024,4.09600019,7.50750017,8,2.75200009,13.4400101,-71.4599991,0.0131160012,0.0875550061,0.0707400069,-29.2799988,3838.69995,5,-6,4.62171984,1.16955245,2.71438885,0.122963108
22003,535,0.268999994,3.48400021,6.45249987,8,1.84000003,13.4400101,-71.4599991,0.0131160012,0.0875550061,0.0707400069,-29.2799988,3838.69995,5,-5,4.86301327,1.29207695,2.58734703,0.163931549
22003,543,0.298900008,3.89600015,6.53000021,8,0.988000035,-56.4799995,63,0.019332001,0.0457549989,0.0994300023,13.8000031,4848.1001,0,0,4.65827799,1.73921382,2.13170862,0.131225899
22003,547,0.29430002,4.09600019,7.58250046,8,2.75200009,-56.4799995,-71.4599991,0.0131160012,0.0828050077,0.0707400069,-29.2799988,3838.69995,0,0,4.79908943,2.08901834,2.58180571,0.0213775337
22003,550,0.268999994,3.48400021,5.57999992,8,1.04000008,13.4400101,-71.4599991,0.0131160012,0.0875550061,0.0707400069,-29.2799988,3838.69995,5,-6,5.22769451,1.16392064,2.50285554,0.260153115
22003,553,0.268999994,3.48400021,5.53499985,8,0.968000054,66.7200012,-63,0.0191080011,0.0828050077,0.0707400069,-29.2799988,3868.10034,5,-6,4.19288921,1.30327654,2.51457429,0.0625063628
22003,555,1.21430004,4.09600019,7.50750017,8,2.75200009,13.4400101,-71.4599991,0.0131160012,0.0875550061,0.0707400069,-29.2799988,3838.69995,5,-6,4.68126774,1.17536771,2.69369102,0.135368168
22003,559,0.29430002,4.09600019,7.50500011,8,0.988000035,10.7200012,-71.4599991,0.0131160012,0.0875550061,0.0707400069,-29.2799988,4407.1001,5,-6,4.54345322,1.31323719,2.49981117,0.121734194
22003,562,0.273600012,3.48400021,5.57999992,8,0.988000035,10.7200012,-63,0.0191080011,0.0828050077,0.0707400069,-29.2799988,3838.69995,-6,-5,3.58066511,1.39094424,1.81241,0.0628851354
22003,567,0.273600012,3.48400021,5.57999992,8,0.988000035,10.7200012,-63,0.0191080011,0.0828050077,0.0707400069,-29.2799988,3848.50024,-6,-5,3.60373139,1.39169526,1.81245363,0.0665970892
22003,569,0.268999994,3.48400021,5.57999992,8,0.988000035,10.7200012,-71.4599991,0.0131160012,0.0875550061,0.0707400069,-29.2799988,4196.3999,5,-6,5.24493647,1.16930068,2.51259851,0.260506243
22003,571,0.298900008,3.89600015,6.53000021,8,0.960000038,-56.4799995,63,0.019332001,0.0457549989,0.0994300023,13.8000031,4848.1001,0,0,4.65827799,1.73921382,2.13170862,0.131225899
22003,573,0.273600012,3.48400021,5.57999992,8,0.988000035,10.7200012,-63,0.0191080011,0.0828050077,0.0707400069,-29.2799988,3887.7002,-6,-5,3.56624961,1.39062154,1.81257236,0.0605092905
22003,574,0.268999994,3.48400021,5.57999992,8,0.988000035,10.7200012,-63,0.0191080011,0.0828050077,0.0707400069,-29.2799988,3838.69995,-6,-5,3.57774496,1.39081657,1.81243587,0.0624154173
22003,579,0.273600012,3.48400021,5.57999992,8,0.988000035,10.7200012,-63,0.0191080011,0.0828050077,0.0707400069,-29.2799988,3887.7002,-6,-5,3.56624961,1.39062154,1.81257236,0.0605092905
22003,583,1.21430004,3.48400021,5.57999992,8,0.988000035,10.7200012,-63,0.0215160009,0.0875550061,0.0707400069,-29.2799988,3838.69995,-6,-6,5.27780342,1.3631922,2.50250864,0.235350385
22003,585,0.268999994,3.48400021,5.57999992,8,1.04000008,13.4400101,-71.4599991,0.0131160012,0.0875550061,0.0707400069,-29.3999977,4818.7002,5,-6,4.9863863,1.4536376,2.91786504,0.10248062
22003,587,0.273600012,4.09600019,7.50750017,8,2.75200009,-56.4799995,63,0.019332001,0.0457549989,0.0994300023,13.9200058,3838.69995,0,0,4.60907078,1.7451297,2.16576457,0.116362691
22003,590,0.268999994,3.48400021,5.57999992,8,0.988000035,10.7200012,-71.4599991,0.0131160012,0.0875550061,0.0707400069,-29.2799988,4196.3999,5,-6,5.24493647,1.16930068,2.51259851,0.260506243
22003,597,1.21430004,4.09600019,7.50750017,8,2.75200009,13.4400101,-71.4599991,0.0131160012,0.0875550061,0.0707400069,-29.2799988,3838.69995,5,-6,4.68126774,1.17536771,2.69369102,0.135368168
22003,598,1.21430004,3.48400021,5.57999992,8,0.988000035,10.7200012,-63,0.0215160009,0.0875550061,0.0707400069,-29.2799988,3838.69995,-6,-6,5.27780342,1.3631922,2.50250864,0.235350385
22003,603,0.268999994,3.48400021,5.57999992,8,1.04000008,13.4400101,-71.4599991,0.0191080011,0.0875550061,0.0707400069,-29.2799988,3838.69995,4,-5,3.74653101,1.28113711,1.91748202,0.0913186446
22003,605,0.340300024,4.09600019,7.50750017,8,2.75200009,13.4400101,-71.4599991,0.0131160012,0.0875550061,0.0707400069,-29.2799988,3838.69995,5,-6,4.62171984,1.16955245,2.71438885,0.122963108
22003,608,1.21430004,4.09600019,7.50750017,8,2.75200009,13.4400101,-71.4599991,0.0131160012,0.0875550061,0.0707400069,-29.2799988,3838.69995,5,-6,4.68126774,1.17536771,2.69369102,0.135368168
22003,609,0.29430002,4.09600019,7.58250046,8,2.75200009,-56.4799995,-71.4599991,0.0131160012,0.0828050077,0.0707400069,-29.2799988,3838.69995,0,0,4.79908943,2.08901834,2.58180571,0.0213775337
22003,616,0.273600012,3.48400021,5.57999992,8,0.988000035,10.4000015,-63,0.0191080011,0.0828050077,0.0707400069,-29.2799988,3838.69995,-6,-5,3.53494263,1.39211977,1.81246483,0.0550596565
22003,619,0.273600012,3.48400021,5.57999992,8,0.988000035,10.7200012,-63,0.0191080011,0.0828050077,0.0707400069,-29.2799988,3838.69995,-6,-5,3.58066511,1.39094424,1.81241,0.0628851354
22003,628,0.73360002,3.48400021,5.57999992,8,1.04000008,10.7200012,-63,0.0215160009,0.0875550061,0.0707400069,-29.2799988,3838.69995,-6,-5,4.27134705,1.35905039,1.8113445,0.18349199
22003,631,0.273600012,3.48400021,5.57999992,8,0.988000035,10.7200012,-63,0.0191080011,0.0828050077,0.0707400069,-29.2799988,3887.7002,-6,-5,3.56624961,1.39062154,1.81257236,0.0605092905
22003,632,0.273600012,3.48400021,5.57999992,8,0.988000035,10.7200012,-63,0.0191080011,0.0828050077,0.0707400069,-29.2799988,3848.50024,-6,-5,3.60373139,1.39169526,1.81245363,0.0665970892
22003,633,0.342599988,3.3920002,5.57999992,8,1.04000008,13.4400101,-71.4599991,0.0131160012,0.0875550061,0.0707400069,-29.2799988,3838.69995,5,-5,4.37446642,1.20357811,2.39992738,0.128493473
22003,636,0.273600012,3.48400021,5.57999992,8,0.988000035,10.7200012,-63,0.0191080011,0.0828050077,0.0707400069,-29.2799988,3887.7002,-6,-5,3.56624961,1.39062154,1.81257236,0.0605092905
22003,638,0.273600012,3.48400021,5.57999992,8,0.988000035,10.4000015,-63,0.0191080011,0.0828050077,0.0707400069,-29.2799988,3838.69995,-6,-5,3.53494263,1.39211977,1.81246483,0.0550596565
22003,639,1.21430004,4.09600019,7.50750017,8,2.75200009,13.4400101,-71.4599991,0.0131160012,0.0875550061,0.0707400069,-29.2799988,3838.69995,5,-6,4.68126774,1.17536771,2.69369102,0.135368168
22003,640,0.29430002,4.09600019,7.50750017,8,2.75200009,13.4400101,-71.4599991,0.0131160012,0.0875550061,0.0707400069,-29.2799988,3838.69995,5,-6,4.58357477,1.16686475,2.72163868,0.115845248
22003,647,1.21430004,3.48400021,5.57999992,8,0.988000035,10.7200012,-63,0.0215160009,0.0875550061,0.0707400069,-29.2799988,3838.69995,-6,-6,5.27780342,1.3631922,2.50250864,0.235350385
22003,649,0.268999994,3.48400021,5.57999992,8,0.988000035,10.7200012,-63,0.0215160009,0.0875550061,0.0707400069,-29.2799988,3838.69995,3,-5,3.3915441,1.31626809,1.49183595,0.0972400159
22003,651,0.268999994,3.48400021,5.57999992,8,0.988000035,10.7200012,-63,0.0191080011,0.0828050077,0.0707400069,-29.2799988,3838.69995,-6,-5,3.57774496,1.39081657,1.81243587,0.0624154173
22003,660,0.273600012,3.48400021,5.57999992,8,0.988000035,10.7200012,-63,0.0191080011,0.0828050077,0.0707400069,-29.2799988,3848.50024,-6,-5,3.60373139,1.39169526,1.81245363,0.0665970892
22003,661,0.273600012,3.48400021,5.57999992,8,0.988000035,10.7200012,-63,0.0191080011,0.0828050077,0.0707400069,-29.2799988,3838.69995,-6,-5,3.58066511,1.39094424,1.81241,0.0628851354
22003,664,0.273600012,3.48400021,5.57999992,8,0.988000035,10.4000015,-63,0.0191080011,0.0828050077,0.0707400069,-29.2799988,3838.69995,-6,-5,3.53494263,1.39211977,1.81246483,0.0550596565
22003,665,0.273600012,3.48400021,5.57999992,8,0.988000035,10.7200012,-63,0.0191080011,0.0828050077,0.0707400069,-29.2799988,3838.69995,-6,-5,3.58066511,1.39094424,1.81241,0.0628851354
22003,666,1.21430004,4.09600019,7.58250046,8,2.75200009,-56.4799995,-71.4599991,0.0131160012,0.0828050077,0.0707400069,-29.2799988,3838.69995,0,0,5.04968929,2.11330199,2.78681922,0.0249279775
22003,667,0.29430002,4.09600019,7.50750017,8,2.75200009,-56.4799995,63,0.019332001,0.0457549989,0.0994300023,13.9200058,3887.7002,0,0,4.99310112,1.74892557,2.20028496,0.173981771
22003,668,0.273600012,3.48400021,5.57999992,8,0.988000035,10.7200012,-63,0.0215160009,0.0875550061,0.0707400069,-29.2799988,3838.69995,-5,-5,3.66416454,1.33265471,1.74255455,0.0981592387
22003,670,1.21430004,4.09600019,7.50750017,8,1.04000008,13.4400101,-71.4599991,0.0131160012,0.0875550061,0.0707400069,-29.2799988,3838.69995,5,-6,4.68126774,1.17536771,2.69369102,0.135368168
22003,671,0.342599988,3.3920002,5.57999992,8,2.74800014,10.7200012,-63,0.0215160009,0.0875550061,0.0707400069,-29.2799988,3838.69995,-6,-5,3.91755915,1.34262288,1.79610813,0.129804686
22003,672,0.29430002,4.09600019,7.58250046,8,2.75200009,-56.4799995,-71.4599991,0.0131160012,0.0828050077,0.0707400069,-29.2799988,4848.1001,0,0,5.04049969,1.95357645,2.71108556,0.0626396313
22003,674,1.21430004,3.48400021,5.57999992,8,0.988000035,10.7200012,-63,0.0215160009,0.0875550061,0.0707400069,-29.2799988,3838.69995,-6,-6,5.27780342,1.3631922,2.50250864,0.235350385
22003,678,0.273600012,3.48400021,5.57999992,8,2.75200009,13.4400101,-71.4599991,0.0131160012,0.0875550061,0.0707400069,-29.2799988,3838.69995,5,-6,5.22580719,1.16544127,2.50944352,0.258487105
22003,683,0.273600012,4.09600019,7.50750017,8,2.75200009,-56.4799995,63,0.019332001,0.0457549989,0.0994300023,13.9200058,3838.69995,0,0,4.60907078,1.7451297,2.16576457,0.116362691
22003,684,0.268999994,3.48400021,5.57999992,8,1.04000008,13.4400101,-71.4599991,0.0131160012,0.0875550061,0.0707400069,-29.3999977,4818.7002,5,-6,4.9863863,1.4536376,2.91786504,0.10248062
22003,685,0.273600012,3.48400021,5.57999992,8,0.988000035,10.7200012,-63,0.0191080011,0.0828050077,0.0707400069,-29.2799988,3887.7002,-6,-5,3.56624961,1.39062154,1.81257236,0.0605092905
22003,686,0.342599988,3.3920002,5.57999992,8,1.04000008,13.4400101,-71.4599991,0.0131160012,0.0875550061,0.0707400069,-29.2799988,3838.69995,5,-5,4.37446642,1.20357811,2.39992738,0.128493473
22003,687,0.273600012,3.48400021,5.57999992,8,0.988000035,10.7200012,-63,0.0191080011,0.0828050077,0.0707400069,-29.2799988,3838.69995,-6,-5,3.58066511,1.39094424,1.81241,0.0628851354
22003,692,0.268999994,3.48400021,5.57999992,8,1.04000008,13.4400101,-71.4599991,0.0131160012,0.0875550061,0.0707400069,-29.2799988,3838.69995,5,-6,5.22769451,1.16392064,2.50285554,0.260153115
22003,695,0.273600012,3.48400021,5.57999992,8,0.988000035,10.7200012,-63,0.0191080011,0.0828050077,0.0707400069,-29.2799988,4848.1001,-6,-5,3.53410268,1.34859514,1.8018471,0.0639434084
22003,697,0.273600012,4.09600019,7.50750017,8,2.75200009,-56.4799995,63,0.019332001,0.0457549989,0.0994300023,13.8000031,4848.1001,0,0,4.71756172,1.78192389,2.21927714,0.119393431
22003,698,1.21430004,3.48400021,5.57999992,8,0.988000035,10.7200012,-63,0.0215160009,0.0875550061,0.0707400069,-29.2799988,3838.69995,-6,-6,5.27780342,1.3631922,2.50250864,0.235350385
22003,702,0.268999994,3.48400021,5.57999992,8,0.988000035,10.7200012,-63,0.0215160009,0.0875550061,0.0707400069,-29.2799988,3838.69995,3,-5,3.3915441,1.31626809,1.49183595,0.0972400159
33007,21,0.251036346,3.57527161,6.30100918,8,2.97278237,-66.5125809,-77.4478531,0.0260577872,0.00918884203,0.0869771093,-11.3899269,3909.34717,0,0,4.62216282,2.21309614,2.21852899,0.031756334
33007,45,0.251036346,3.57527161,6.30100918,8,2.97278237,-66.5125809,-77.4478531,0.0260577872,0.00918884203,0.0869771093,-11.3899269,3909.34717,0,0,4.62216282,2.21309614,2.21852899,0.031756334
33007,102,0.251036346,3.57527161,6.30100918,8,2.97278237,-66.5125809,-77.4478531,0.0260577872,0.00918884203,0.0869771093,-11.3899269,3909.34717,0,0,4.62216282,2.21309614,2.21852899,0.031756334
33007,132,1.02570009,2.97200012,6.14750004,8,2.82400012,-14.3999939,37.4400024,0.0137320012,0.0814750046,0.0979100093,46.6800079,3285.00024,0,0,5.72435379,1.66668749,2.04323459,0.335738569
33007,165,0.251036346,3.57527161,6.30100918,8,2.97278237,-66.5125809,-77.4478531,0.0260577872,0.00918884203,0.0869771093,-11.3899269,3909.34717,0,0,4.62216282,2.21309614,2.21852899,0.031756334
33007,167,0.25060001,3.57200003,6.30000019,8,2.97200012,-66.5599976,-77.5800018,0.0260520019,0.00918000005,0.0869850069,-11.3999977,3877.90015,0,0,4.54764462,2.13270569,2.21853542,0.0327338949
33007,196,0.402400017,3.37200022,6.14750004,8,2.82400012,-14.3999939,37.4400024,0.0137320012,0.0814750046,0.0979100093,46.6800079,3285.00024,0,0,5.34501934,1.69083774,2.0403266,0.268975794
33007,229,0.25060001,3.57200003,6.30000019,8,2.97200012,-66.5599976,-77.5800018,0.0260520019,0.00918000005,0.0869850069,-11.3999977,3877.90015,0,0,4.54764462,2.13270569,2.21853542,0.0327338949
33007,231,0.411600024,3.37200022,6.14750004,8,2.82400012,-14.3999939,37.4400024,0.0137320012,0.0814750046,0.0979100093,46.6800079,3285.00024,0,0,5.37442207,1.69034517,2.04017329,0.273983926
33007,260,1.06480002,3.0999999,5.67999983,8,2.17200017,-66.5599976,-77.5800018,0.0260520019,0.00918000005,0.0869850069,-11.3999977,3877.90015,0,0,5.79156542,2.42623448,2.21853638,0.191132441
33007,268,0.25060001,3.57200003,6.30000019,8,2.97200012,-66.5599976,-77.5800018,0.0260520019,0.00918000005,0.0841350108,-43.4399986,3044.90015,0,0,5.15392685,2.26581669,2.4475925,0.0734196454
33007,287,0.402400017,3.37200022,6.14750004,8,2.82400012,-66.5599976,-77.5800018,0.0260520019,0.00918000005,0.0868900046,-11.3999977,3907.30005,0,0,5.65990829,2.31905651,2.21862721,0.187037393
33007,288,0.25060001,3.57200003,6.30000019,8,2.97200012,-14.3999939,37.4400024,0.0137320012,0.0814750046,0.0979100093,46.6800079,3285.00024,0,0,5.98509121,1.71212745,2.0474844,0.370913208
33007,294,0.25060001,3.57200003,6.30000019,8,2.97200012,-66.5599976,-77.5800018,0.0260520019,0.00918000005,0.0869850069,-11.3999977,3877.90015,0,0,4.54764462,2.13270569,2.21853542,0.0327338949
33007,309,0.402400017,3.37200022,6.12249994,8,2.56000018,-2.55999756,-77.5800018,0.0260520019,0.00918000005,0.0868900046,-11.3999977,3907.30005,5,-6,4.42811298,0.856827319,2.3555274,0.202626362
33007,315,0.25060001,3.57200003,6.30000019,8,2.97200012,-66.5599976,-77.5800018,0.0260520019,0.00918000005,0.0869850069,-11.3999977,3877.90015,0,0,4.54764462,2.13270569,2.21853542,0.0327338949
33007,318,0.234500006,3.80000019,7.43000031,8,2.82400012,-14.3999939,37.4400024,0.0137320012,0.0814750046,0.0979100093,46.6800079,3285.00024,0,0,3.99314737,1.65068901,2.06163597,0.0468037315
33007,353,0.234500006,3.80000019,7.43000031,8,2.26400018,25.6000061,37.4400024,0.0137320012,0.0814750046,0.0979100093,46.6800079,3285.00024,0,0,4.06169224,1.6398766,2.19394779,0.0379779823
33007,357,0.234500006,3.80000019,7.43000031,8,2.82400012,-14.3999939,37.4400024,0.0137320012,0.0814750046,0.0979100093,46.6800079,3285.00024,0,0,3.99314737,1.65068901,2.06163597,0.0468037315
33007,376,0.25060001,3.57200003,7.43000031,8,2.82400012,-14.3999939,37.4400024,0.0137320012,0.0814750046,0.0979100093,46.6800079,3285.00024,0,0,5.41650438,1.63663363,2.08782411,0.282007784
33007,399,0.402400017,3.80000019,7.43000031,8,2.26400018,25.6000061,37.4400024,0.0137320012,0.0814750046,0.0979100093,46.6800079,3285.00024,0,0,4.28665876,1.68780923,2.31989956,0.0464916565
33007,409,0.234500006,3.80000019,7.43000031,8,2.82400012,-14.3999939,37.4400024,0.0137320012,0.0814750046,0.0979100093,36.6000061,3877.90015,0,0,4.21439838,1.76671338,2.07111168,0.0627621785
33007,420,0.234500006,3.80000019,7.43000031,8,2.82400012,-14.3999939,37.4400024,0.0137320012,0.0814750046,0.0979100093,46.6800079,3285.00024,0,0,3.99314737,1.65068901,2.06163597,0.0468037315
33007,434,0.593299985,2.97200012,6.09250021,8,1.49600005,-11.1999969,-60.2999992,0.0149920015,0.0265650004,0.0890750065,-30.7199974,3353.6001,5,-6,5.89008617,0.916552186,2.49118638,0.413724542
33007,448,0.234500006,3.80000019,7.43000031,8,2.82400012,-14.3999939,37.4400024,0.0137320012,0.0814750046,0.0979100093,46.6800079,3285.00024,0,0,3.99314737,1.65068901,2.06163597,0.0468037315
33007,451,0.234500006,3.24800014,6.69750023,8,1.38400006,42.7200012,-37.0800018,0.0141240014,0.0186800007,0.0869850069,-1.31999588,3285.00024,0,0,5.9097538,2.74521613,2.59239674,0.0953568369
33007,452,0.234500006,3.80000019,7.43000031,8,3.46400023,29.4400024,-77.5800018,0.026192002,0.0260899998,0.0968650058,-47.4000015,2917.50024,-4,-5,4.5603776,1.42576098,1.74843013,0.23103109
33007,454,0.593299985,2.84800005,6.69750023,8,3.56800008,26.8800049,-50.0399971,0.0103720017,0.0213400014,0.0968650058,-47.4000015,2917.50024,-4,-6,5.36903954,0.974204481,2.2826457,0.352031589
33007,463,0.402400017,3.28399992,6.11000013,8,1.09600008,-14.3999939,37.4400024,0.0137320012,0.0814750046,0.0979100093,46.6800079,3285.00024,0,0,4.81199932,1.68421757,2.03868318,0.181516469
33007,464,0.234500006,3.80000019,7.43000031,8,2.82400012,-11.1999969,-60.2999992,0.0149920015,0.0260899998,0.0968650058,-36.8400002,3843.60034,0,0,5.93115425,1.83842337,2.1917181,0.316835493
33007,473,0.402400017,3.80000019,7.43000031,8,2.26400018,25.6000061,52.9199982,0.0141240014,0.0175400004,0.0793850049,-0.839996338,3843.60034,5,-6,4.09037304,0.937833011,2.3898232,0.127119526
33007,479,0.25060001,3.57200003,7.43000031,8,2.82400012,-14.3999939,37.4400024,0.0137320012,0.0814750046,0.0979100093,46.6800079,3285.00024,0,0,5.41650438,1.63663363,2.08782411,0.282007784
33007,484,0.234500006,3.80000019,7.43000031,8,2.82400012,-14.3999939,37.4400024,0.0137320012,0.0814750046,0.0979100093,46.6800079,3285.00024,0,0,3.99314737,1.65068901,2.06163597,0.0468037315
33007,491,0.262100011,3.22000003,6.11000013,8,1.09600008,-14.3999939,37.4400024,0.0137320012,0.0814750046,0.0979100093,46.6800079,3285.00024,0,0,4.25397158,1.69433057,2.04086018,0.0864634514
33007,492,0.25060001,3.58400011,6.36000013,8,1.09600008,-14.3999939,37.4400024,0.0137320012,0.0814750046,0.0979100093,46.6800079,3285.00024,0,0,5.72071791,1.70925534,2.04597092,0.327581942
33007,494,0.234500006,3.80000019,7.43000031,8,2.82400012,-11.1999969,-60.2999992,0.0149920015,0.0260899998,0.0968650058,-36.8400002,3843.60034,0,0,5.93115425,1.83842337,2.1917181,0.316835493
33007,495,0.234500006,3.80000019,7.43000031,8,2.82400012,-1.59999847,37.4400024,0.0137320012,0.0814750046,0.0979100093,46.6800079,3285.00024,5,-6,4.35639334,1.29664242,2.62358189,0.0726948157
33007,503,0.234500006,3.80000019,7.43000031,8,3.09600019,-14.3999939,37.4400024,0.0137320012,0.0814750046,0.0979100093,46.6800079,3285.00024,0,0,3.99314737,1.65068901,2.06163597,0.0468037315
33007,509,0.402400017,3.28399992,6.11000013,8,1.09600008,-14.3999939,37.4400024,0.0137320012,0.0814750046,0.0979100093,46.6800079,3285.00024,0,0,4.81199932,1.68421757,2.03868318,0.181516469
33007,521,0.234500006,3.80000019,7.43000031,8,3.46400023,29.4400024,-77.5800018,0.026192002,0.0260899998,0.0968650058,-47.4000015,2917.50024,-4,-5,4.5603776,1.42576098,1.74843013,0.23103109
33007,523,0.595600009,3.57200003,6.30000019,8,2.97200012,-66.5599976,-77.5800018,0.0260520019,0.00946499966,0.0890750065,-30.5999985,2917.50024,5,-6,4.45390701,0.851456404,2.35369015,0.208126739
33007,526,0.234500006,3.80000019,7.43000031,8,2.82400012,-14.3999939,37.4400024,0.0137320012,0.0814750046,0.0979100093,46.6800079,3285.00024,0,0,3.99314737,1.65068901,2.06163597,0.0468037315
33007,532,0.234500006,3.57200003,6.30000019,8,2.97200012,-12.6399918,37.4400024,0.0137320012,0.0814750046,0.0979100093,46.6800079,3285.00024,0,0,5.86370516,1.71696711,2.05072975,0.349334717
33007,543,0.402400017,3.28399992,6.11000013,8,1.09600008,-11.1999969,-60.2999992,0.0151320007,0.0814750046,0.0968650058,-47.4000015,2917.50024,0,0,5.87033701,1.7250936,2.22457767,0.320110947
33007,549,0.234500006,3.80000019,7.43000031,8,2.82400012,-14.3999939,37.4400024,0.0137320012,0.0814750046,0.0979100093,46.6800079,3285.00024,0,0,3.99314737,1.65068901,2.06163597,0.0468037315
33007,554,0.234500006,3.80000019,7.43000031,8,2.82400012,-11.1999969,-60.2999992,0.0149920015,0.0260899998,0.0968650058,-36.8400002,3843.60034,0,0,5.93115425,1.83842337,2.1917181,0.316835493
33007,556,0.234500006,3.80000019,7.43000031,8,2.82400012,-14.3999939,37.4400024,0.0137320012,0.0814750046,0.0979100093,37.6800003,3319.30005,0,0,4.44354582,1.79643738,2.07523966,0.0953114554
33007,558,0.595600009,3.57200003,6.30000019,8,2.97200012,-66.5599976,-77.5800018,0.0260520019,0.00946499966,0.0890750065,-30.5999985,2912.6001,5,-6,4.44950438,0.849406123,2.35369015,0.207734689
33007,559,0.234500006,3.80000019,7.43000031,8,2.82400012,-14.3999939,37.4400024,0.0137320012,0.0814750046,0.0979100093,46.6800079,3285.00024,0,0,3.99314737,1.65068901,2.06163597,0.0468037315
33007,563,0.234500006,3.57200003,6.30000019,8,2.97200012,-12.6399918,37.4400024,0.0137320012,0.0814750046,0.0979100093,46.6800079,3285.00024,0,0,5.86370516,1.71696711,2.05072975,0.349334717
33007,566,0.25060001,3.57200003,6.30000019,8,2.97200012,-14.3999939,37.4400024,0.0137320012,0.0814750046,0.0979100093,46.6800079,3285.00024,0,0,5.98509121,1.71212745,2.0474844,0.370913208
33007,568,0.25060001,3.58400011,6.36000013,8,1.09600008,-14.3999939,37.4400024,0.0137320012,0.0814750046,0.0979100093,46.6800079,3285.00024,0,0,5.72071791,1.70925534,2.04597092,0.327581942
33007,573,0.595600009,3.57200003,6.30000019,8,2.97200012,-66.5599976,-77.5800018,0.0260520019,0.00946499966,0.0968650058,-38.8799973,3044.90015,0,0,5.82517719,1.94431365,2.23711085,0.273958832
33007,581,0.234500006,3.80000019,7.43000031,8,2.82400012,-11.1999969,-60.2999992,0.0149920015,0.0260899998,0.0968650058,-36.8400002,3843.60034,0,0,5.93115425,1.83842337,2.1917181,0.316835493
33007,584,0.234500006,3.80000019,7.43000031,8,2.82400012,-14.3999939,37.4400024,0.0137320012,0.0814750046,0.0979100093,46.6800079,3044.90015,5,-6,4.26787281,1.29139411,2.6482935,0.0546975806
33007,588,0.402400017,3.28399992,6.11000013,8,1.09600008,-14.3999939,37.4400024,0.0137320012,0.0814750046,0.0979100093,46.6800079,3285.00024,0,0,4.81199932,1.68421757,2.03868318,0.181516469
33007,590,0.234500006,3.80000019,7.43000031,8,2.82400012,-14.3999939,-60.2999992,0.0151320007,0.0814750046,0.0968650058,-47.4000015,2917.50024,0,0,4.52310181,1.73981786,2.1778028,0.100913584
33007,591,0.402400017,3.28399992,6.11000013,8,1.09600008,-11.1999969,37.4400024,0.0137320012,0.0814750046,0.0979100093,46.6800079,3285.00024,0,0,4.78551769,1.69224215,2.0417428,0.175255418
33007,593,0.234500006,3.80000019,7.43000031,8,2.82400012,-14.3999939,37.4400024,0.0137320012,0.0814750046,0.0979100093,46.6800079,3285.00024,0,0,3.99314737,1.65068901,2.06163597,0.0468037315
33007,596,0.25060001,3.80000019,7.43000031,8,3.46400023,17.6000061,37.4400024,0.0137320012,0.0814750046,0.0979100093,46.6800079,3285.00024,0,0,4.3777833,1.70639086,2.14913678,0.0870426074
33007,598,0.234500006,3.80000019,7.43000031,8,2.81200004,-13.1199951,-60.2999992,0.0149920015,0.0265650004,0.0890750065,-30.7199974,3353.6001,5,-6,5.41719866,0.917917252,2.51637363,0.330484629
33007,602,0.595600009,3.57200003,6.30000019,8,2.97200012,-66.5599976,-77.5800018,0.0260520019,0.00946499966,0.0890750065,-30.5999985,2917.50024,5,-6,4.45390701,0.851456404,2.35369015,0.208126739
33007,604,0.234500006,3.80000019,7.43000031,8,2.82400012,-1.59999847,37.4400024,0.0137320012,0.0814750046,0.0979100093,46.6800079,3285.00024,5,-6,4.35639334,1.29664242,2.62358189,0.0726948157
33007,605,0.234500006,3.80000019,7.43000031,8,2.82400012,-14.3999939,37.4400024,0.0137320012,0.0814750046,0.0979100093,46.6800079,3285.00024,0,0,3.99314737,1.65068901,2.06163597,0.0468037315
33007,607,0.402400017,3.80000019,7.43000031,8,2.26400018,25.6000061,36.7200089,0.0141240014,0.0814750046,0.0979100093,46.6800079,3285.00024,0,0,4.46719503,1.6795752,2.55291724,0.0391171202
33007,608,0.234500006,3.80000019,7.43000031,8,2.82400012,-1.59999847,37.4400024,0.0137320012,0.0814750046,0.0979100093,46.6800079,3285.00024,5,-6,4.35639334,1.29664242,2.62358189,0.0726948157
33007,610,0.25060001,3.58400011,6.36000013,8,1.09600008,-14.3999939,37.4400024,0.0137320012,0.0814750046,0.0979100093,46.6800079,3285.00024,0,0,5.72071791,1.70925534,2.04597092,0.327581942
33007,613,0.234500006,3.80000019,7.43000031,8,2.82400012,-14.3999939,37.4400024,0.0137320012,0.0814750046,0.0979100093,46.6800079,3285.00024,0,0,3.99314737,1.65068901,2.06163597,0.0468037315
33007,619,0.234500006,3.80000019,7.43000031,8,2.82400012,-1.59999847,37.4400024,0.0137320012,0.0814750046,0.0979100093,46.6800079,3285.00024,5,-6,4.35639334,1.29664242,2.62358189,0.0726948157
33007,620,0.234500006,3.80000019,7.43000031,8,2.82400012,-11.1999969,-60.2999992,0.0149920015,0.0260899998,0.0968650058,-36.8400002,3843.60034,0,0,5.93115425,1.83842337,2.1917181,0.316835493
33007,621,0.595600009,3.57200003,6.30000019,8,2.97200012,-66.5599976,-77.5800018,0.0260520019,0.00946499966,0.0890750065,-30.7199974,3044.90015,0,0,5.60222244,2.21653652,2.34834909,0.172889501
33007,624,0.234500006,3.80000019,7.43000031,8,2.82400012,-14.3999939,37.4400024,0.0137320012,0.0814750046,0.0979100093,46.6800079,3285.00024,0,0,3.99314737,1.65068901,2.06163597,0.0468037315
33007,625,0.25060001,3.58400011,6.36000013,8,1.09600008,-14.3999939,37.4400024,0.0137320012,0.0814750046,0.0979100093,46.6800079,3285.00024,0,0,5.72071791,1.70925534,2.04597092,0.327581942
33007,629,0.234500006,3.80000019,7.43000031,8,2.82400012,-1.59999847,37.4400024,0.0137320012,0.0814750046,0.0979100093,46.6800079,3285.00024,5,-6,4.35639334,1.29664242,2.62358189,0.0726948157
33007,630,0.25060001,3.58400011,6.36000013,8,1.09600008,-14.3999939,37.4400024,0.0137320012,0.0814750046,0.0979100093,46.6800079,3285.00024,0,0,5.72071791,1.70925534,2.04597092,0.327581942
33007,632,0.402400017,3.80000019,7.43000031,8,2.26400018,25.6000061,36.7200089,0.0141240014,0.0814750046,0.0979100093,41.2800064,3353.6001,0,0,4.40995502,1.7035706,2.24324465,0.0771899298
33007,633,0.234500006,3.80000019,7.43000031,8,2.82400012,-14.3999939,37.4400024,0.0137320012,0.0814750046,0.0979100093,46.6800079,3044.90015,5,-6,4.26787281,1.29139411,2.6482935,0.0546975806
33007,634,0.234500006,3.80000019,7.43000031,8,2.82400012,-14.3999939,37.4400024,0.0137320012,0.0814750046,0.0979100093,46.6800079,3285.00024,0,0,3.99314737,1.65068901,2.06163597,0.0468037315
33007,635,0.285100013,3.22000003,6.11000013,8,3.89600015,-14.3999939,37.4400024,0.0137320012,0.0814750046,0.0979100093,46.6800079,3285.00024,0,0,4.29128742,1.69060075,2.03997898,0.0934512913
33007,636,0.234500006,3.80000019,7.43000031,8,2.82400012,-11.1999969,-60.2999992,0.0149920015,0.0262800008,0.0869850069,-10.3199959,3319.30005,0,0,5.65463114,2.4153223,2.27616453,0.16052407
33007,640,0.234500006,3.80000019,7.43000031,8,2.82400012,-14.3999939,37.4400024,0.0137320012,0.0814750046,0.0979100093,46.6800079,3044.90015,5,-6,4.26787281,1.29139411,2.6482935,0.0546975806
33007,645,0.595600009,3.57200003,6.30000019,8,2.97200012,-66.5599976,-77.5800018,0.0260520019,0.00946499966,0.0890750065,-30.5999985,2917.50024,5,-6,4.45390701,0.851456404,2.35369015,0.208126739
33007,647,0.402400017,3.28399992,6.11000013,8,1.09600008,-14.3999939,37.4400024,0.0137320012,0.0814750046,0.0979100093,46.6800079,3285.00024,0,0,4.81199932,1.68421757,2.03868318,0.181516469
33007,648,0.234500006,3.80000019,7.43000031,8,2.82400012,-14.3999939,37.4400024,0.0137320012,0.0814750046,0.0979100093,37.6800003,3319.30005,0,0,4.44354582,1.79643738,2.07523966,0.0953114554
33007,649,0.234500006,3.80000019,7.43000031,8,2.82400012,-14.3999939,-60.2999992,0.0149920015,0.0260899998,0.0968650058,-36.8400002,3843.60034,0,0,5.41859436,1.85523486,2.18830943,0.229174986
33007,650,0.234500006,3.80000019,7.43000031,8,2.82400012,-11.1999969,37.4400024,0.0137320012,0.0814750046,0.0979100093,37.6800003,3319.30005,0,0,4.65962029,1.78610456,2.0657444,0.134628594
33007,651,0.234500006,3.80000019,7.43000031,8,2.82400012,-14.3999939,37.4400024,0.0137320012,0.0814750046,0.0979100093,46.6800079,3285.00024,0,0,3.99314737,1.65068901,2.06163597,0.0468037315
33007,652,0.595600009,3.57200003,6.30000019,8,2.97200012,-66.5599976,-77.5800018,0.0260520019,0.00946499966,0.0890750065,-30.5999985,2912.6001,5,-6,4.44950438,0.849406123,2.35369015,0.207734689
33007,653,0.234500006,3.80000019,7.43000031,8,2.82400012,-14.3999939,37.4400024,0.0137320012,0.0814750046,0.0979100093,46.6800079,3044.90015,5,-6,4.26787281,1.29139411,2.6482935,0.0546975806
33007,655,0.234500006,3.80000019,7.43000031,8,2.82400012,-14.3999939,37.4400024,0.0137320012,0.0814750046,0.0979100093,46.6800079,3285.00024,0,0,3.99314737,1.65068901,2.06163597,0.0468037315
33007,656,0.25060001,3.58400011,6.36000013,8,1.09600008,-14.3999939,37.4400024,0.0137320012,0.0814750046,0.0979100093,46.6800079,3285.00024,0,0,5.72071791,1.70925534,2.04597092,0.327581942
33007,663,0.402400017,3.80000019,7.43000031,8,2.26400018,25.6000061,36.7200089,0.0141240014,0.0814750046,0.0979100093,46.6800079,3285.00024,0,0,4.46719503,1.6795752,2.55291724,0.0391171202
33007,664,0.25060001,3.58400011,6.36000013,8,1.09600008,-14.3999939,37.4400024,0.0137320012,0.0814750046,0.0979100093,46.6800079,3285.00024,0,0,5.72071791,1.70925534,2.04597092,0.327581942
33007,668,0.234500006,3.80000019,7.43000031,8,2.82400012,-14.3999939,37.4400024,0.0137320012,0.0814750046,0.0979100093,46.6800079,3285.00024,0,0,3.99314737,1.65068901,2.06163597,0.0468037315
33007,673,0.595600009,3.57200003,7.43000031,8,2.82400012,-14.3999939,37.4400024,0.0137320012,0.0814750046,0.0979100093,46.6800079,3285.00024,0,0,5.94988728,1.66339302,2.1166532,0.361640126
33007,674,0.234500006,3.80000019,6.30000019,8,2.97200012,-66.5599976,-77.5800018,0.0260520019,0.00946499966,0.0968650058,-38.8799973,3044.90015,0,0,4.66258287,1.8834058,2.23710871,0.0903447419
33007,677,0.234500006,3.80000019,7.43000031,8,2.82400012,-14.3999939,37.4400024,0.0137320012,0.0814750046,0.0979100093,46.6800079,3285.00024,0,0,3.99314737,1.65068901,2.06163597,0.0468037315
